term,new_term,file
"domains","workloads","/app/src/content/docs/pt-br/pages/build-jornada/visao-geral/visao-geral.mdx"
"domains","workloads","/app/src/content/docs/pt-br/pages/menu-principal/trabalhe-com-dominios/criar-certificado.mdx"
"domains","workloads","/app/src/content/docs/pt-br/pages/menu-principal/trabalhe-com-dominios/apontar-dominio.mdx"
"domains","workloads","/app/src/content/docs/pt-br/pages/menu-principal/trabalhe-com-dominios/configurar-dominio.mdx"
"domains","workloads","/app/src/content/docs/pt-br/pages/menu-principal/trabalhe-com-dominios/migrar-ns.mdx"
"domains","workloads","/app/src/content/docs/pt-br/pages/menu-principal/recursos-adicionais/migrar-para-a-azion/migrar-para-a-azion.mdx"
"domains","workloads","/app/src/content/docs/pt-br/pages/menu-principal/ponto-de-partida/active-em-producao.mdx"
"domains","workloads","/app/src/content/docs/pt-br/pages/menu-principal/referencia/secure/edge-firewall/digital-certificates.mdx"
"domains","workloads","/app/src/content/docs/pt-br/pages/menu-principal/referencia/secure/edge-firewall/mtls.mdx"
"domains","workloads","/app/src/content/docs/pt-br/pages/menu-principal/referencia/secure/edge-dns/edge-dns.mdx"
"domains","workloads","/app/src/content/docs/pt-br/pages/menu-principal/referencia/build/edge-application/digital-certificates.mdx"
"domains","workloads","/app/src/content/docs/pt-br/pages/menu-principal/referencia/build/edge-application/rules-engine-edge-app.mdx"
"domains","workloads","/app/src/content/docs/pt-br/pages/menu-principal/referencia/build/edge-application/domains/domains.mdx"
"domains","workloads","/app/src/content/docs/pt-br/pages/menu-principal/referencia/build/edge-application/domains/mtls.mdx"
"domains","workloads","/app/src/content/docs/pt-br/pages/menu-principal/referencia/build/edge-application/edge-application.mdx"
"domains","workloads","/app/src/content/docs/pt-br/pages/menu-principal/referencia/servicos/technical-support.mdx"
"domains","workloads","/app/src/content/docs/pt-br/pages/menu-principal/referencia/servicos/managed-configurations.mdx"
"domains","workloads","/app/src/content/docs/pt-br/pages/menu-principal/referencia/contas/teams-permissions.mdx"
"domains","workloads","/app/src/content/docs/pt-br/pages/menu-principal/referencia/observe/data-streaming/data-streaming.mdx"
"domains","workloads","/app/src/content/docs/pt-br/pages/menu-principal/release-notes/release-notes.mdx"
"domains","workloads","/app/src/content/docs/pt-br/pages/secure-jornada/automatizar/integrar-siems.mdx"
"domains","workloads","/app/src/content/docs/pt-br/pages/secure-jornada/editar-edge-firewall/proteja-seu-dominio.mdx"
"domains","workloads","/app/src/content/docs/pt-br/pages/secure-jornada/editar-edge-firewall/editar-main-settings.mdx"
"domains","workloads","/app/src/content/docs/pt-br/pages/secure-jornada/editar-zona/editar-main-settings.mdx"
"domains","workloads","/app/src/content/docs/pt-br/pages/secure-jornada/proteja-aplicacao.mdx"
"domains","workloads","/app/src/content/docs/pt-br/pages/secure-jornada/transport-layer-security/digital-certificates.mdx"
"domains","workloads","/app/src/content/docs/pt-br/pages/secure-jornada/transport-layer-security/ciphers.mdx"
"domains","workloads","/app/src/content/docs/pt-br/pages/secure-jornada/transport-layer-security/mtls.mdx"
"domains","workloads","/app/src/content/docs/pt-br/pages/changelog/anos-passados/anos-passados-changelog.mdx"
"domains","workloads","/app/src/content/docs/pt-br/pages/arquiteturas/edge-firewall/prevencao-fraude-online.mdx"
"domains","workloads","/app/src/content/docs/pt-br/pages/arquiteturas/edge-application/image-processor.mdx"
"domains","workloads","/app/src/content/docs/pt-br/pages/arquiteturas/edge-application/serverless-apps.mdx"
"domains","workloads","/app/src/content/docs/pt-br/pages/arquiteturas/edge-application/application-modernization.mdx"
"domains","workloads","/app/src/content/docs/pt-br/pages/store-jornada/storage/usar-bucket-como-origem.mdx"
"domains","workloads","/app/src/content/docs/pt-br/pages/contratos/tos/9-july-2025/index.mdx"
"domains","workloads","/app/src/content/docs/pt-br/pages/contratos/tos/29-august-2024/29-august-2024.mdx"
"domains","workloads","/app/src/content/docs/pt-br/pages/contratos/tos/index.mdx"
"domains","workloads","/app/src/content/docs/pt-br/pages/contratos/tos/15-march-2024/15-march-2024.mdx"
"domains","workloads","/app/src/content/docs/pt-br/pages/contratos/tos/24-may-2024/24-may-2024.mdx"
"domains","workloads","/app/src/content/docs/pt-br/pages/contratos/tos/25-november-2022/index.mdx"
"domains","workloads","/app/src/content/docs/pt-br/pages/contratos/tos/23-september-2022/index.mdx"
"domains","workloads","/app/src/content/docs/pt-br/pages/contratos/tos/3-march-2023/index.mdx"
"domains","workloads","/app/src/content/docs/pt-br/pages/contratos/tos/10-november-2020/index.mdx"
"domains","workloads","/app/src/content/docs/pt-br/pages/contratos/tos/8-november-2024/index.mdx"
"domains","workloads","/app/src/content/docs/pt-br/pages/contratos/tos/26-abril-2023/26-april-2023.mdx"
"domains","workloads","/app/src/content/docs/pt-br/pages/contratos/tos/18-setembro-2023/18-setembro-2023.mdx"
"domains","workloads","/app/src/content/docs/pt-br/pages/contratos/tos/18-august-2020/index.mdx"
"domains","workloads","/app/src/content/docs/pt-br/pages/contratos/tos/21-february-2024/21-february-2024.mdx"
"domains","workloads","/app/src/content/docs/pt-br/pages/contratos/tos/10-november-2016/index.mdx"
"domains","workloads","/app/src/content/docs/pt-br/pages/guias/network-layer-protection/blacklists-ip-addresses-edge/criar-listas-bloqueio.mdx"
"domains","workloads","/app/src/content/docs/pt-br/pages/guias/data-streaming/associar-dominios.mdx"
"domains","workloads","/app/src/content/docs/pt-br/pages/guias/data-streaming/debug-functions-dts.mdx"
"domains","workloads","/app/src/content/docs/pt-br/pages/guias/debug-regras/debug-regras.mdx"
"domains","workloads","/app/src/content/docs/pt-br/pages/guias/edge-firewall/atualizar-edge-firewall.mdx"
"domains","workloads","/app/src/content/docs/pt-br/pages/guias/edge-dns/run-dig-command.mdx"
"domains","workloads","/app/src/content/docs/pt-br/pages/guias/acessar-azion-console/acessar-azion-console.mdx"
"domains","workloads","/app/src/content/docs/pt-br/pages/guias/marketplace/integrations/scheduled-blocking.mdx"
"domains","workloads","/app/src/content/docs/pt-br/pages/guias/marketplace/integrations/limit-payload.mdx"
"domains","workloads","/app/src/content/docs/pt-br/pages/guias/marketplace/integrations/bot-manager-lite.mdx"
"domains","workloads","/app/src/content/docs/pt-br/pages/guias/marketplace/integrations/waiting-room.mdx"
"domains","workloads","/app/src/content/docs/pt-br/pages/guias/marketplace/integrations/add-request-id.mdx"
"domains","workloads","/app/src/content/docs/pt-br/pages/guias/marketplace/integrations/ipqs.mdx"
"domains","workloads","/app/src/content/docs/pt-br/pages/guias/marketplace/integrations/method-route-validator.mdx"
"domains","workloads","/app/src/content/docs/pt-br/pages/guias/marketplace/integrations/send-event-endpoint.mdx"
"domains","workloads","/app/src/content/docs/pt-br/pages/guias/marketplace/integrations/hcaptcha.mdx"
"domains","workloads","/app/src/content/docs/pt-br/pages/guias/marketplace/integrations/radware-bot-manager.mdx"
"domains","workloads","/app/src/content/docs/pt-br/pages/guias/marketplace/integrations/recaptcha.mdx"
"domains","workloads","/app/src/content/docs/pt-br/pages/guias/marketplace/integrations/request-data-headers.mdx"
"domains","workloads","/app/src/content/docs/pt-br/pages/guias/marketplace/integrations/jwt.mdx"
"domains","workloads","/app/src/content/docs/pt-br/pages/guias/marketplace/integrations/cardstream.mdx"
"domains","workloads","/app/src/content/docs/pt-br/pages/guias/marketplace/integrations/secure-token.mdx"
"domains","workloads","/app/src/content/docs/pt-br/pages/guias/marketplace/integrations/rate-limit-with-penalty.mdx"
"domains","workloads","/app/src/content/docs/pt-br/pages/guias/marketplace/templates/bot-with-tor.mdx"
"domains","workloads","/app/src/content/docs/pt-br/pages/guias/mtls/configurar-mtls.mdx"
"domains","workloads","/app/src/content/docs/pt-br/pages/guias/edge-application/ea-configure-ports/custom-ports.mdx"
"domains","workloads","/app/src/content/docs/pt-br/pages/guias/edge-application/ea-request-lets-encrypt-certificates-via-api.mdx"
"domains","workloads","/app/src/content/docs/pt-br/pages/guias/edge-application/ea-requet-lets-encrypt-certificates.mdx"
"domains","workloads","/app/src/content/docs/pt-br/pages/guias/devtools/customizar-console-ui/index.mdx"
"domains","workloads","/app/src/content/docs/pt-br/pages/guias/guides.mdx"
"domains","workloads","/app/src/content/docs/pt-br/pages/guias/edge-storage/use-bucket-as-origin/index.mdx"
"domains","workloads","/app/src/content/docs/pt-br/pages/guias/conhecendo-o-azion-console/conhecendo-o-azion-console.mdx"
"domains","workloads","/app/src/content/docs/pt-br/pages/devtools/sdks/go-sdk/go-sdk.mdx"
"domains","workloads","/app/src/content/docs/pt-br/pages/devtools/terraform/terraform.mdx"
"domains","workloads","/app/src/content/docs/pt-br/pages/devtools/api-graphql/recursos/metrics-campos.mdx"
"domains","workloads","/app/src/content/docs/pt-br/pages/devtools/azion-lib/usage/domains.mdx"
"domains","workloads","/app/src/content/docs/pt-br/pages/devtools/cli/azion-cli/configs/azion-config-js.mdx"
"domains","workloads","/app/src/content/docs/pt-br/pages/devtools/cli/azion-cli/comandos/describe/describe.mdx"
"domains","workloads","/app/src/content/docs/pt-br/pages/devtools/cli/azion-cli/comandos/update/update.mdx"
"domains","workloads","/app/src/content/docs/pt-br/pages/devtools/cli/azion-cli/comandos/delete/delete.mdx"
"domains","workloads","/app/src/content/docs/pt-br/pages/devtools/cli/azion-cli/comandos/create/create.mdx"
"domains","workloads","/app/src/content/docs/pt-br/pages/devtools/cli/azion-cli/comandos/list/list.mdx"
"domains","workloads","/app/src/content/docs/pt-br/pages/observe-jornada/data-stream/integracoes/conector-standard-http-https-post.mdx"
"domains","workloads","/app/src/content/docs/pt-br/pages/observe-jornada/data-stream/editar-stream/configure-main-settings.mdx"
"domains","workloads","/app/src/content/docs/pt-br/pages/observe-jornada/data-stream/editar-stream/adicionar-payload.mdx"
"domains","workloads","/app/src/content/docs/pt-br/pages/observe-jornada/data-stream/configuracoes-avancadas/configure-sampling.mdx"
"domains","workloads","/app/src/content/docs/en/pages/guides/network-layer-protection/blacklists-ip-addresses-edge/create-blocklists.mdx"
"domains","workloads","/app/src/content/docs/en/pages/guides/index.mdx"
"domains","workloads","/app/src/content/docs/en/pages/guides/data-streaming/debug-functions-dts.mdx"
"domains","workloads","/app/src/content/docs/en/pages/guides/data-streaming/associate-domains.mdx"
"domains","workloads","/app/src/content/docs/en/pages/guides/edge-functions/edge-functions-firewall.mdx"
"domains","workloads","/app/src/content/docs/en/pages/guides/create-button/create-button.mdx"
"domains","workloads","/app/src/content/docs/en/pages/guides/getting-to-know-azion-console/getting-to-know-azion-console.mdx"
"domains","workloads","/app/src/content/docs/en/pages/guides/edge-firewall/update-edge-firewall.mdx"
"domains","workloads","/app/src/content/docs/en/pages/guides/edge-dns/run-dig-command.mdx"
"domains","workloads","/app/src/content/docs/en/pages/guides/marketplace/integrations/scheduled-blocking.mdx"
"domains","workloads","/app/src/content/docs/en/pages/guides/marketplace/integrations/limit-payload.mdx"
"domains","workloads","/app/src/content/docs/en/pages/guides/marketplace/integrations/how-to-massive-redirection.mdx"
"domains","workloads","/app/src/content/docs/en/pages/guides/marketplace/integrations/request-data-into-header.mdx"
"domains","workloads","/app/src/content/docs/en/pages/guides/marketplace/integrations/bot-manager-lite.mdx"
"domains","workloads","/app/src/content/docs/en/pages/guides/marketplace/integrations/waiting-room.mdx"
"domains","workloads","/app/src/content/docs/en/pages/guides/marketplace/integrations/add-request-id.mdx"
"domains","workloads","/app/src/content/docs/en/pages/guides/marketplace/integrations/ipqs.mdx"
"domains","workloads","/app/src/content/docs/en/pages/guides/marketplace/integrations/rate-limiting-with-penalty.mdx"
"domains","workloads","/app/src/content/docs/en/pages/guides/marketplace/integrations/method-route-validator.mdx"
"domains","workloads","/app/src/content/docs/en/pages/guides/marketplace/integrations/send-event-endpoint.mdx"
"domains","workloads","/app/src/content/docs/en/pages/guides/marketplace/integrations/hcaptcha.mdx"
"domains","workloads","/app/src/content/docs/en/pages/guides/marketplace/integrations/radware-bot-manager.mdx"
"domains","workloads","/app/src/content/docs/en/pages/guides/marketplace/integrations/recaptcha.mdx"
"domains","workloads","/app/src/content/docs/en/pages/guides/marketplace/integrations/jwt.mdx"
"domains","workloads","/app/src/content/docs/en/pages/guides/marketplace/integrations/ab-testing-marketplace.mdx"
"domains","workloads","/app/src/content/docs/en/pages/guides/marketplace/integrations/cardstream.mdx"
"domains","workloads","/app/src/content/docs/en/pages/guides/marketplace/integrations/secure-token.mdx"
"domains","workloads","/app/src/content/docs/en/pages/guides/marketplace/templates/edge-function-github-autopeploy.mdx"
"domains","workloads","/app/src/content/docs/en/pages/guides/marketplace/templates/mongodb-template.mdx"
"domains","workloads","/app/src/content/docs/en/pages/guides/marketplace/templates/react-boilerplate.mdx"
"domains","workloads","/app/src/content/docs/en/pages/guides/marketplace/templates/nextjs-static-boilerplate.mdx"
"domains","workloads","/app/src/content/docs/en/pages/guides/marketplace/templates/hello-world.mdx"
"domains","workloads","/app/src/content/docs/en/pages/guides/marketplace/templates/bot-with-tor.mdx"
"domains","workloads","/app/src/content/docs/en/pages/guides/marketplace/templates/hexo-boilerplate.mdx"
"domains","workloads","/app/src/content/docs/en/pages/guides/marketplace/templates/vue-boilerplate.mdx"
"domains","workloads","/app/src/content/docs/en/pages/guides/debug-rules/debug-rules.mdx"
"domains","workloads","/app/src/content/docs/en/pages/guides/mtls/configure-mtls.mdx"
"domains","workloads","/app/src/content/docs/en/pages/guides/waf/check-waf-mode.mdx"
"domains","workloads","/app/src/content/docs/en/pages/guides/edge-application/ea-request-lets-encrypt-certificates.mdx"
"domains","workloads","/app/src/content/docs/en/pages/guides/edge-application/ea-configure-ports/custom-ports.mdx"
"domains","workloads","/app/src/content/docs/en/pages/guides/edge-application/ea-cors/fix-cors-errors.mdx"
"domains","workloads","/app/src/content/docs/en/pages/guides/edge-application/ea-request-lets-encrypt-certificates-via-api.mdx"
"domains","workloads","/app/src/content/docs/en/pages/guides/devtools/customize-console-ui/index.mdx"
"domains","workloads","/app/src/content/docs/en/pages/guides/access-azion-console/access-azion-console.mdx"
"domains","workloads","/app/src/content/docs/en/pages/changelog/previous-years/previous-years-changelog.mdx"
"domains","workloads","/app/src/content/docs/en/pages/secure-journey/firewall-advanced-configurations/tune-waf.mdx"
"domains","workloads","/app/src/content/docs/en/pages/secure-journey/edit-edge-firewall/protect-your-domain.mdx"
"domains","workloads","/app/src/content/docs/en/pages/secure-journey/edit-edge-firewall/edit-main-settings.mdx"
"domains","workloads","/app/src/content/docs/en/pages/secure-journey/secure-application.mdx"
"domains","workloads","/app/src/content/docs/en/pages/secure-journey/edit-zone/edit-main-settings.mdx"
"domains","workloads","/app/src/content/docs/en/pages/secure-journey/secure-dns.mdx"
"domains","workloads","/app/src/content/docs/en/pages/secure-journey/transport-layer-security/digital-certificates.mdx"
"domains","workloads","/app/src/content/docs/en/pages/secure-journey/transport-layer-security/mtls.mdx"
"domains","workloads","/app/src/content/docs/en/pages/secure-journey/troubleshoot/intelligent-dns-understand-metrics.mdx"
"domains","workloads","/app/src/content/docs/en/pages/secure-journey/automate/integrate-siems.mdx"
"domains","workloads","/app/src/content/docs/en/pages/secure-journey/overview.mdx"
"domains","workloads","/app/src/content/docs/en/pages/store-journey/storage/use-bucket-as-origin.mdx"
"domains","workloads","/app/src/content/docs/en/pages/build-journey/overview/overview.mdx"
"domains","workloads","/app/src/content/docs/en/pages/devtools/sdks/go.mdx"
"domains","workloads","/app/src/content/docs/en/pages/devtools/terraform/terraform.mdx"
"domains","workloads","/app/src/content/docs/en/pages/devtools/api-graphql/features/metrics-fields.mdx"
"domains","workloads","/app/src/content/docs/en/pages/devtools/api-graphql/overview/overview.mdx"
"domains","workloads","/app/src/content/docs/en/pages/devtools/azion-lib/usage/config.mdx"
"domains","workloads","/app/src/content/docs/en/pages/devtools/azion-lib/usage/domains.mdx"
"domains","workloads","/app/src/content/docs/en/pages/devtools/cli/azion-cli/config/azion-config-js.mdx"
"domains","workloads","/app/src/content/docs/en/pages/devtools/cli/azion-cli/commands/describe/describe.mdx"
"domains","workloads","/app/src/content/docs/en/pages/devtools/cli/azion-cli/commands/update/update.mdx"
"domains","workloads","/app/src/content/docs/en/pages/devtools/cli/azion-cli/commands/delete/delete.mdx"
"domains","workloads","/app/src/content/docs/en/pages/devtools/cli/azion-cli/commands/create/create.mdx"
"domains","workloads","/app/src/content/docs/en/pages/devtools/cli/azion-cli/commands/list/list.mdx"
"domains","workloads","/app/src/content/docs/en/pages/main-menu/get-started/go-live-with-azion.mdx"
"domains","workloads","/app/src/content/docs/en/pages/main-menu/pricing/pricing.mdx"
"domains","workloads","/app/src/content/docs/en/pages/main-menu/reference/secure/edge-firewall/digital-certificates.mdx"
"domains","workloads","/app/src/content/docs/en/pages/main-menu/reference/secure/edge-firewall/web-application-firewall/web-application-firewall.mdx"
"domains","workloads","/app/src/content/docs/en/pages/main-menu/reference/secure/edge-firewall/mtls.mdx"
"domains","workloads","/app/src/content/docs/en/pages/main-menu/reference/secure/edge-firewall/edge-firewall.mdx"
"domains","workloads","/app/src/content/docs/en/pages/main-menu/reference/secure/edge-firewall/rules-engine.mdx"
"domains","workloads","/app/src/content/docs/en/pages/main-menu/reference/secure/edge-dns/dnssec/dnssec.mdx"
"domains","workloads","/app/src/content/docs/en/pages/main-menu/reference/secure/edge-dns/edge-dns.mdx"
"domains","workloads","/app/src/content/docs/en/pages/main-menu/reference/edge-ai/models.mdx"
"domains","workloads","/app/src/content/docs/en/pages/main-menu/reference/build/edge-application/digital-certificates.mdx"
"domains","workloads","/app/src/content/docs/en/pages/main-menu/reference/build/edge-application/domains/domains.mdx"
"domains","workloads","/app/src/content/docs/en/pages/main-menu/reference/build/edge-application/domains/mtls.mdx"
"domains","workloads","/app/src/content/docs/en/pages/main-menu/reference/build/edge-application/edge-application.mdx"
"domains","workloads","/app/src/content/docs/en/pages/main-menu/reference/build/edge-application/rules-engine.mdx"
"domains","workloads","/app/src/content/docs/en/pages/main-menu/reference/services/support/technical-support.mdx"
"domains","workloads","/app/src/content/docs/en/pages/main-menu/reference/services/integration-services/managed-configurations.mdx"
"domains","workloads","/app/src/content/docs/en/pages/main-menu/reference/accounts/teams-permissions.mdx"
"domains","workloads","/app/src/content/docs/en/pages/main-menu/reference/observe/real-time-metrics/real-time-metrics.mdx"
"domains","workloads","/app/src/content/docs/en/pages/main-menu/reference/observe/data-stream/data-stream.mdx"
"domains","workloads","/app/src/content/docs/en/pages/main-menu/additional-resources/migrate-to-azion/migrate-to-azion.mdx"
"domains","workloads","/app/src/content/docs/en/pages/main-menu/additional-resources/templates-and-integrations/understand-azion-integrations.mdx"
"domains","workloads","/app/src/content/docs/en/pages/main-menu/additional-resources/templates-and-integrations/install-an-integration.mdx"
"domains","workloads","/app/src/content/docs/en/pages/main-menu/additional-resources/templates-and-integrations/understand-azion-templates.mdx"
"domains","workloads","/app/src/content/docs/en/pages/main-menu/release-notes/release-notes.mdx"
"domains","workloads","/app/src/content/docs/en/pages/main-menu/work-with-domains/create-certificate.mdx"
"domains","workloads","/app/src/content/docs/en/pages/main-menu/work-with-domains/point-domain.mdx"
"domains","workloads","/app/src/content/docs/en/pages/main-menu/work-with-domains/migrate-ns.mdx"
"domains","workloads","/app/src/content/docs/en/pages/main-menu/work-with-domains/configure-domains.mdx"
"domains","workloads","/app/src/content/docs/en/pages/observe-journey/data-stream/advanced-configurations/configure-sampling.mdx"
"domains","workloads","/app/src/content/docs/en/pages/observe-journey/data-stream/integrations/connector-standard-http-https-post.mdx"
"domains","workloads","/app/src/content/docs/en/pages/observe-journey/data-stream/edit-stream/configure-main-settings.mdx"
"domains","workloads","/app/src/content/docs/en/pages/observe-journey/data-stream/edit-stream/set-payload.mdx"
"domains","workloads","/app/src/content/docs/en/pages/observe-journey/stream-data.mdx"
"domains","workloads","/app/src/content/docs/en/pages/observe-journey/analyze-logs.mdx"
"domains","workloads","/app/src/content/docs/en/pages/observe-journey/monitor-applications.mdx"
"domains","workloads","/app/src/content/docs/en/pages/architectures/api-gateways/api-gateways-security.mdx"
"domains","workloads","/app/src/content/docs/en/pages/architectures/edge-firewall/online-fraud-prevention.mdx"
"domains","workloads","/app/src/content/docs/en/pages/architectures/edge-firewall/waap-architecture.mdx"
"domains","workloads","/app/src/content/docs/en/pages/architectures/security-automation/security-automation.mdx"
"domains","workloads","/app/src/content/docs/en/pages/architectures/edge-application/application-acceleration.mdx"
"domains","workloads","/app/src/content/docs/en/pages/architectures/edge-application/serverless-apps.mdx"
"domains","workloads","/app/src/content/docs/en/pages/architectures/edge-application/image-processing.mdx"
"domains","workloads","/app/src/content/docs/en/pages/architectures/edge-application/application-modernization.mdx"
"domains","workloads","/app/src/content/docs/en/pages/architectures/compliance/compliance-architecture.mdx"
"domains","workloads","/app/src/content/docs/en/pages/architectures/bot-management/bot-management-architecture.mdx"
"domains","workloads","/app/src/content/docs/en/pages/agreements/tos/15-may-2019/2021-01-14-index.mdx"
"domains","workloads","/app/src/content/docs/en/pages/agreements/tos/9-july-2025/terms-of-service.mdx"
"domains","workloads","/app/src/content/docs/en/pages/agreements/tos/18-september-2023/18-september-2023.mdx"
"domains","workloads","/app/src/content/docs/en/pages/agreements/tos/29-august-2024/29-august-2024.mdx"
"domains","workloads","/app/src/content/docs/en/pages/agreements/tos/15-march-2024/15-march-2024.mdx"
"domains","workloads","/app/src/content/docs/en/pages/agreements/tos/30-march-2023/30-march.2023.mdx"
"domains","workloads","/app/src/content/docs/en/pages/agreements/tos/24-may-2024/24-may-2024.mdx"
"domains","workloads","/app/src/content/docs/en/pages/agreements/tos/23-september-2022/2022-09-23-index.mdx"
"domains","workloads","/app/src/content/docs/en/pages/agreements/tos/3-march-2023/2023-03-30-.mdx"
"domains","workloads","/app/src/content/docs/en/pages/agreements/tos/10-november-2020/2022-05-10-index.mdx"
"domains","workloads","/app/src/content/docs/en/pages/agreements/tos/8-november-2024/2024-11-08-index.mdx"
"domains","workloads","/app/src/content/docs/en/pages/agreements/tos/18-august-2020/2021-01-14-index.mdx"
"domains","workloads","/app/src/content/docs/en/pages/agreements/tos/terms-of-service.mdx"
"domains","workloads","/app/src/content/docs/en/pages/agreements/tos/21-february-2024/21-february-2024.mdx"
"domains","workloads","/app/src/content/docs/en/pages/agreements/tos/10-november-2016/2021-01-14-index.mdx"
"domains","workloads","/app/src/content/docs/en/homes/secure-home.mdx"
"error responses","custom pages","/app/src/content/docs/pt-br/pages/build-jornada/edite-edge-app/error-responses.mdx"
"error responses","custom pages","/app/src/content/docs/pt-br/pages/menu-principal/referencia/build/edge-application/edge-app-primeiros-passos.mdx"
"error responses","custom pages","/app/src/content/docs/pt-br/pages/menu-principal/referencia/build/edge-application/edge-application.mdx"
"error responses","custom pages","/app/src/content/docs/pt-br/pages/menu-principal/referencia/build/edge-application/error-responses.mdx"
"error responses","custom pages","/app/src/content/docs/pt-br/pages/menu-principal/referencia/observe/data-streaming/data-streaming.mdx"
"error responses","custom pages","/app/src/content/docs/pt-br/pages/changelog/anos-passados/anos-passados-changelog.mdx"
"error responses","custom pages","/app/src/content/docs/pt-br/pages/guias/edge-application/ea-customize-error-responses.mdx"
"error responses","custom pages","/app/src/content/docs/en/pages/guides/edge-application/ea-customize-error-responses.mdx"
"error responses","custom pages","/app/src/content/docs/en/pages/changelog/previous-years/previous-years-changelog.mdx"
"error responses","custom pages","/app/src/content/docs/en/pages/store-journey/storage/use-bucket-as-origin.mdx"
"error responses","custom pages","/app/src/content/docs/en/pages/build-journey/edit-edge-app/edit-error-responses/error-responses.mdx"
"error responses","custom pages","/app/src/content/docs/en/pages/devtools/api-graphql/limits/limits.mdx"
"error responses","custom pages","/app/src/content/docs/en/pages/devtools/api-graphql/error-responses/error-responses.mdx"
"error responses","custom pages","/app/src/content/docs/en/pages/main-menu/reference/build/edge-application/first-steps.mdx"
"error responses","custom pages","/app/src/content/docs/en/pages/main-menu/reference/build/edge-application/edge-application.mdx"
"error responses","custom pages","/app/src/content/docs/en/pages/main-menu/reference/build/edge-application/error-responses.mdx"
"error responses","custom pages","/app/src/content/docs/en/pages/main-menu/reference/services/integration-services/managed-configurations.mdx"
"error responses","custom pages","/app/src/content/docs/en/pages/main-menu/reference/observe/data-stream/data-stream.mdx"
"error responses","custom pages","/app/src/content/docs/en/homes/graphql-home.mdx"
"origins","edge connector","/app/src/content/docs/pt-br/pages/build-jornada/contrua-uma-aplicacao/crie-uma-aplicacao.mdx"
"origins","edge connector","/app/src/content/docs/pt-br/pages/build-jornada/edite-edge-app/origins.mdx"
"origins","edge connector","/app/src/content/docs/pt-br/pages/build-jornada/configuracoes-avancadas/multiple-origins.mdx"
"origins","edge connector","/app/src/content/docs/pt-br/pages/menu-principal/recursos-adicionais/migrar-para-a-azion/migrar-para-a-azion.mdx"
"origins","edge connector","/app/src/content/docs/pt-br/pages/menu-principal/referencia/store/edge-storage/index.mdx"
"origins","edge connector","/app/src/content/docs/pt-br/pages/menu-principal/referencia/build/edge-application/rules-engine-edge-app.mdx"
"origins","edge connector","/app/src/content/docs/pt-br/pages/menu-principal/referencia/build/edge-application/edge-app-primeiros-passos.mdx"
"origins","edge connector","/app/src/content/docs/pt-br/pages/menu-principal/referencia/build/edge-application/load-balancer.mdx"
"origins","edge connector","/app/src/content/docs/pt-br/pages/menu-principal/referencia/build/edge-application/origins.mdx"
"origins","edge connector","/app/src/content/docs/pt-br/pages/menu-principal/referencia/build/edge-application/edge-application.mdx"
"origins","edge connector","/app/src/content/docs/pt-br/pages/menu-principal/referencia/build/edge-application/error-responses.mdx"
"origins","edge connector","/app/src/content/docs/pt-br/pages/menu-principal/release-notes/release-notes.mdx"
"origins","edge connector","/app/src/content/docs/pt-br/pages/changelog/anos-passados/anos-passados-changelog.mdx"
"origins","edge connector","/app/src/content/docs/pt-br/pages/arquiteturas/edge-application/serverless-apps.mdx"
"origins","edge connector","/app/src/content/docs/pt-br/pages/arquiteturas/edge-application/application-modernization.mdx"
"origins","edge connector","/app/src/content/docs/pt-br/pages/store-jornada/storage/usar-bucket-como-origem.mdx"
"origins","edge connector","/app/src/content/docs/pt-br/pages/guias/marketplace/integrations/ab-testing-marketplace.mdx"
"origins","edge connector","/app/src/content/docs/pt-br/pages/guias/marketplace/templates/wordpress-edgeaccelerator.mdx"
"origins","edge connector","/app/src/content/docs/pt-br/pages/guias/marketplace/templates/bot-starter-kit.mdx"
"origins","edge connector","/app/src/content/docs/pt-br/pages/guias/marketplace/templates/dynamic-and-static-file-optimization.mdx"
"origins","edge connector","/app/src/content/docs/pt-br/pages/guias/marketplace/templates/azion-starter-kit.mdx"
"origins","edge connector","/app/src/content/docs/pt-br/pages/guias/marketplace/templates/image-optimization.mdx"
"origins","edge connector","/app/src/content/docs/pt-br/pages/guias/marketplace/templates/static-cache.mdx"
"origins","edge connector","/app/src/content/docs/pt-br/pages/guias/marketplace/templates/videoteca-static-cache.mdx"
"origins","edge connector","/app/src/content/docs/pt-br/pages/guias/marketplace/templates/edge-application-proxy.mdx"
"origins","edge connector","/app/src/content/docs/pt-br/pages/guias/edge-application/ea-customize-error-responses.mdx"
"origins","edge connector","/app/src/content/docs/pt-br/pages/guias/edge-application/ea-configure-ports/custom-ports.mdx"
"origins","edge connector","/app/src/content/docs/pt-br/pages/guias/edge-storage/use-bucket-as-origin/index.mdx"
"origins","edge connector","/app/src/content/docs/pt-br/pages/devtools/terraform/terraform.mdx"
"origins","edge connector","/app/src/content/docs/pt-br/pages/devtools/azion-lib/usage/application.mdx"
"origins","edge connector","/app/src/content/docs/pt-br/pages/devtools/cli/azion-cli/configs/azion-config-js.mdx"
"origins","edge connector","/app/src/content/docs/pt-br/pages/devtools/cli/azion-cli/comandos/describe/describe.mdx"
"origins","edge connector","/app/src/content/docs/pt-br/pages/devtools/cli/azion-cli/comandos/update/update.mdx"
"origins","edge connector","/app/src/content/docs/pt-br/pages/devtools/cli/azion-cli/comandos/delete/delete.mdx"
"origins","edge connector","/app/src/content/docs/pt-br/pages/devtools/cli/azion-cli/comandos/create/create.mdx"
"origins","edge connector","/app/src/content/docs/pt-br/pages/devtools/cli/azion-cli/comandos/list/list.mdx"
"origins","edge connector","/app/src/content/docs/en/pages/guides/index.mdx"
"origins","edge connector","/app/src/content/docs/en/pages/guides/marketplace/integrations/ab-testing-marketplace.mdx"
"origins","edge connector","/app/src/content/docs/en/pages/guides/marketplace/templates/wordpress-edgeaccelerator.mdx"
"origins","edge connector","/app/src/content/docs/en/pages/guides/marketplace/templates/bot-starter-kit.mdx"
"origins","edge connector","/app/src/content/docs/en/pages/guides/marketplace/templates/dynamic-and-static-file-optimization.mdx"
"origins","edge connector","/app/src/content/docs/en/pages/guides/marketplace/templates/azion-starter-kit.mdx"
"origins","edge connector","/app/src/content/docs/en/pages/guides/marketplace/templates/image-optimization.mdx"
"origins","edge connector","/app/src/content/docs/en/pages/guides/marketplace/templates/static-cache.mdx"
"origins","edge connector","/app/src/content/docs/en/pages/guides/marketplace/templates/videoteca-static-cache.mdx"
"origins","edge connector","/app/src/content/docs/en/pages/guides/marketplace/templates/edge-application-proxy.mdx"
"origins","edge connector","/app/src/content/docs/en/pages/guides/edge-application/ea-customize-error-responses.mdx"
"origins","edge connector","/app/src/content/docs/en/pages/guides/edge-application/ea-configure-ports/custom-ports.mdx"
"origins","edge connector","/app/src/content/docs/en/pages/guides/edge-application/ea-cors/check-cors-permissions.mdx"
"origins","edge connector","/app/src/content/docs/en/pages/changelog/previous-years/previous-years-changelog.mdx"
"origins","edge connector","/app/src/content/docs/en/pages/store-journey/storage/use-bucket-as-origin.mdx"
"origins","edge connector","/app/src/content/docs/en/pages/build-journey/build-with-edge-app/build-with-edge-apps.mdx"
"origins","edge connector","/app/src/content/docs/en/pages/build-journey/advanced-configurations/multiple-origins.mdx"
"origins","edge connector","/app/src/content/docs/en/pages/build-journey/edit-edge-app/edit-rules-engine/rules-engine.mdx"
"origins","edge connector","/app/src/content/docs/en/pages/build-journey/edit-edge-app/edit-origins/origins.mdx"
"origins","edge connector","/app/src/content/docs/en/pages/build-journey/overview/overview.mdx"
"origins","edge connector","/app/src/content/docs/en/pages/devtools/terraform/terraform.mdx"
"origins","edge connector","/app/src/content/docs/en/pages/devtools/azion-lib/usage/application.mdx"
"origins","edge connector","/app/src/content/docs/en/pages/devtools/cli/azion-cli/config/azion-config-js.mdx"
"origins","edge connector","/app/src/content/docs/en/pages/devtools/cli/azion-cli/commands/describe/describe.mdx"
"origins","edge connector","/app/src/content/docs/en/pages/devtools/cli/azion-cli/commands/update/update.mdx"
"origins","edge connector","/app/src/content/docs/en/pages/devtools/cli/azion-cli/commands/delete/delete.mdx"
"origins","edge connector","/app/src/content/docs/en/pages/devtools/cli/azion-cli/commands/create/create.mdx"
"origins","edge connector","/app/src/content/docs/en/pages/devtools/cli/azion-cli/commands/list/list.mdx"
"origins","edge connector","/app/src/content/docs/en/pages/main-menu/reference/store/object-storage/index.mdx"
"origins","edge connector","/app/src/content/docs/en/pages/main-menu/reference/secure/edge-firewall/network-layer-protection/network-layer-protection.mdx"
"origins","edge connector","/app/src/content/docs/en/pages/main-menu/reference/build/edge-application/load-balancer.mdx"
"origins","edge connector","/app/src/content/docs/en/pages/main-menu/reference/build/edge-application/first-steps.mdx"
"origins","edge connector","/app/src/content/docs/en/pages/main-menu/reference/build/edge-application/origins.mdx"
"origins","edge connector","/app/src/content/docs/en/pages/main-menu/reference/build/edge-application/edge-application.mdx"
"origins","edge connector","/app/src/content/docs/en/pages/main-menu/reference/build/edge-application/error-responses.mdx"
"origins","edge connector","/app/src/content/docs/en/pages/main-menu/reference/build/edge-application/rules-engine.mdx"
"origins","edge connector","/app/src/content/docs/en/pages/main-menu/reference/services/integration-services/managed-configurations.mdx"
"origins","edge connector","/app/src/content/docs/en/pages/main-menu/reference/observe/real-time-metrics/real-time-metrics.mdx"
"origins","edge connector","/app/src/content/docs/en/pages/main-menu/additional-resources/migrate-to-azion/migrate-to-azion.mdx"
"origins","edge connector","/app/src/content/docs/en/pages/main-menu/release-notes/release-notes.mdx"
"origins","edge connector","/app/src/content/docs/en/pages/architectures/api-gateways/api-gateways-security.mdx"
"origins","edge connector","/app/src/content/docs/en/pages/architectures/edge-firewall/online-fraud-prevention.mdx"
"origins","edge connector","/app/src/content/docs/en/pages/architectures/edge-application/serverless-apps.mdx"
"origins","edge connector","/app/src/content/docs/en/pages/architectures/edge-application/application-modernization.mdx"
"origins","edge connector","/app/src/content/docs/en/pages/agreements/tos/15-may-2019/2021-01-14-index.mdx"
"origins","edge connector","/app/src/content/docs/en/pages/agreements/tos/9-july-2025/terms-of-service.mdx"
"origins","edge connector","/app/src/content/docs/en/pages/agreements/tos/18-september-2023/18-september-2023.mdx"
"origins","edge connector","/app/src/content/docs/en/pages/agreements/tos/29-august-2024/29-august-2024.mdx"
"origins","edge connector","/app/src/content/docs/en/pages/agreements/tos/15-march-2024/15-march-2024.mdx"
"origins","edge connector","/app/src/content/docs/en/pages/agreements/tos/30-march-2023/30-march.2023.mdx"
"origins","edge connector","/app/src/content/docs/en/pages/agreements/tos/24-may-2024/24-may-2024.mdx"
"origins","edge connector","/app/src/content/docs/en/pages/agreements/tos/23-september-2022/2022-09-23-index.mdx"
"origins","edge connector","/app/src/content/docs/en/pages/agreements/tos/3-march-2023/2023-03-30-.mdx"
"origins","edge connector","/app/src/content/docs/en/pages/agreements/tos/10-november-2020/2022-05-10-index.mdx"
"origins","edge connector","/app/src/content/docs/en/pages/agreements/tos/8-november-2024/2024-11-08-index.mdx"
"origins","edge connector","/app/src/content/docs/en/pages/agreements/tos/18-august-2020/2021-01-14-index.mdx"
"origins","edge connector","/app/src/content/docs/en/pages/agreements/tos/terms-of-service.mdx"
"origins","edge connector","/app/src/content/docs/en/pages/agreements/tos/21-february-2024/21-february-2024.mdx"
